file_path,lowest_pitch,highest_pitch,unique_pitch_num,average_pitch_value,pitch_span,beat_count,log_beats,note_count,log_note_density,average_velocity_norm,drum_channel_ratio,label,target
/mntdatalora/src/Music-Intelligence/data/sine_wave_binary_classification/homework1/piano/0000.mid,28,86,33,57.303030303030305,58,368.67727272727274,5.912630389146983,1212,1.4556870261001353,0.6299212598425197,0.0,piano,1
/mntdatalora/src/Music-Intelligence/data/sine_wave_binary_classification/homework1/piano/0001.mid,34,82,33,55.666666666666664,48,143.9409090909091,4.97632613584933,608,1.6532548807032486,0.5379973062577703,0.0,piano,1
/mntdatalora/src/Music-Intelligence/data/sine_wave_binary_classification/homework1/piano/0002.mid,24,96,71,60.971830985915496,72,787.9227272727272,6.67066837849927,4273,1.8599040796121247,0.4466499960381152,0.0,piano,1
/mntdatalora/src/Music-Intelligence/data/sine_wave_binary_classification/homework1/piano/0003.mid,31,81,43,57.093023255813954,50,176.51818181818183,5.179073036448081,463,1.2872911677155625,0.5825411132463734,0.0,piano,1
/mntdatalora/src/Music-Intelligence/data/sine_wave_binary_classification/homework1/piano/0004.mid,29,71,19,48.63157894736842,42,626.7227272727273,6.442098551889188,2480,1.6008194425395286,0.5740411480822962,0.0,piano,1
/mntdatalora/src/Music-Intelligence/data/sine_wave_binary_classification/homework1/piano/0005.mid,24,93,44,59.84090909090909,69,229.8590909090909,5.441807528333959,2212,2.3630484777191323,0.4436217624695647,0.0,piano,1
/mntdatalora/src/Music-Intelligence/data/sine_wave_binary_classification/homework1/piano/0006.mid,37,88,46,60.43478260869565,51,478.55,6.17284816417396,910,1.0652546175394144,0.46878082547373884,0.0,piano,1
/mntdatalora/src/Music-Intelligence/data/sine_wave_binary_classification/homework1/piano/0007.mid,29,72,14,52.857142857142854,43,276.78636363636366,5.626852342133306,1127,1.6236824521451902,0.4321276610610009,0.0,piano,1
/mntdatalora/src/Music-Intelligence/data/sine_wave_binary_classification/homework1/piano/0008.mid,43,76,23,59.73913043478261,33,179.20454545454547,5.1940925693541375,616,1.4900715059620206,0.6299212598425197,0.0,piano,1
/mntdatalora/src/Music-Intelligence/data/sine_wave_binary_classification/homework1/piano/0009.mid,33,81,47,56.06382978723404,48,205.36363636363637,5.329639837677078,1147,1.8848269385769574,0.5597347410911038,0.0,piano,1
/mntdatalora/src/Music-Intelligence/data/sine_wave_binary_classification/homework1/piano/0010.mid,28,90,39,56.84615384615385,62,337.5409090909091,5.8246449390852515,488,0.8943521037865569,0.602571963340648,0.0,piano,1
/mntdatalora/src/Music-Intelligence/data/sine_wave_binary_classification/homework1/piano/0011.mid,33,87,31,58.774193548387096,54,345.75,5.848604059194941,2134,1.9701970570812355,0.5166114427823981,0.0,piano,1
/mntdatalora/src/Music-Intelligence/data/sine_wave_binary_classification/homework1/piano/0012.mid,35,88,42,65.02380952380952,53,132.15,4.891476312259941,896,2.051578708717229,0.6299212598425197,0.0,piano,1
/mntdatalora/src/Music-Intelligence/data/sine_wave_binary_classification/homework1/piano/0013.mid,28,61,18,42.111111111111114,33,515.9090909090909,6.247867019412574,1775,1.4907734311499112,0.6299212598425197,0.0,piano,1
/mntdatalora/src/Music-Intelligence/data/sine_wave_binary_classification/homework1/piano/0014.mid,38,86,38,64.39473684210526,48,124.9,4.835487941050301,964,2.165409874220483,0.6135851275851929,0.0,piano,1
/mntdatalora/src/Music-Intelligence/data/sine_wave_binary_classification/homework1/piano/0015.mid,41,84,25,63.96,43,153.60454545454544,5.040870537108855,744,1.7653481856859408,0.6299212598425197,0.0,piano,1
/mntdatalora/src/Music-Intelligence/data/sine_wave_binary_classification/homework1/piano/0016.mid,33,86,37,59.0,53,321.76363636363635,5.776920279379959,2021,1.9852693252135811,0.4168202378957949,0.0,piano,1
/mntdatalora/src/Music-Intelligence/data/sine_wave_binary_classification/homework1/piano/0017.mid,32,89,43,61.06976744186046,57,443.9727272727273,6.098012993260535,1622,1.5375933133690085,0.5849879122692894,0.0,piano,1
/mntdatalora/src/Music-Intelligence/data/sine_wave_binary_classification/homework1/piano/0018.mid,35,88,41,63.1219512195122,53,366.91818181818184,5.907860581433694,1074,1.3678969302602968,0.4427924163110896,0.0,piano,1
/mntdatalora/src/Music-Intelligence/data/sine_wave_binary_classification/homework1/piano/0019.mid,26,57,8,42.875,31,132.5,4.894101477840304,266,1.1011248528039927,0.6299212598425197,0.0,piano,1
/mntdatalora/src/Music-Intelligence/data/sine_wave_binary_classification/homework1/piano/0020.mid,30,98,58,66.03448275862068,68,256.00454545454545,5.549093771332376,3746,2.7493554509350218,0.6299212598425197,0.0,piano,1
/mntdatalora/src/Music-Intelligence/data/sine_wave_binary_classification/homework1/piano/0021.mid,21,74,49,48.734693877551024,53,330.7090909090909,5.8042583525991205,1212,1.5400561903492522,0.4129375535978795,0.0,piano,1
/mntdatalora/src/Music-Intelligence/data/sine_wave_binary_classification/homework1/piano/0022.mid,38,85,23,64.6086956521739,47,209.65454545454546,5.350219566424099,307,0.9019133060207803,0.5543101900536048,0.0,piano,1
/mntdatalora/src/Music-Intelligence/data/sine_wave_binary_classification/homework1/piano/0023.mid,36,79,24,56.208333333333336,43,197.58636363636364,5.291224086798328,1898,2.3614129073773498,0.3729412643229923,0.0,piano,1
/mntdatalora/src/Music-Intelligence/data/sine_wave_binary_classification/homework1/piano/0024.mid,24,94,52,55.15384615384615,70,428.4045454545454,6.062399470983776,740,1.003326512007972,0.4553841242817621,0.0,piano,1
/mntdatalora/src/Music-Intelligence/data/sine_wave_binary_classification/homework1/piano/0025.mid,25,84,55,52.127272727272725,59,679.2227272727273,6.522420284647554,3624,1.8461703961628917,0.38636126610001564,0.0,piano,1
/mntdatalora/src/Music-Intelligence/data/sine_wave_binary_classification/homework1/piano/0026.mid,28,96,41,66.46341463414635,68,325.3954545454545,5.788109696968029,1036,1.431224296333515,0.6299212598425197,0.0,piano,1
/mntdatalora/src/Music-Intelligence/data/sine_wave_binary_classification/homework1/piano/0027.mid,29,79,26,58.46153846153846,50,317.01363636363635,5.76209426350744,2065,2.016756684780627,0.44219175992831405,0.0,piano,1
/mntdatalora/src/Music-Intelligence/data/sine_wave_binary_classification/homework1/piano/0028.mid,38,75,30,56.333333333333336,37,96.43636363636364,4.5791994842623795,314,1.448337548649873,0.5953157129244194,0.0,piano,1
/mntdatalora/src/Music-Intelligence/data/sine_wave_binary_classification/homework1/piano/0029.mid,36,78,38,57.60526315789474,42,486.9,6.190110466821792,817,0.9850562892407714,0.6299212598425197,0.0,piano,1
/mntdatalora/src/Music-Intelligence/data/sine_wave_binary_classification/homework1/piano/0030.mid,29,89,51,57.68627450980392,60,202.51818181818183,5.315755346435465,2268,2.5013535285564665,0.5472267355469455,0.0,piano,1
/mntdatalora/src/Music-Intelligence/data/sine_wave_binary_classification/homework1/piano/0031.mid,31,74,26,50.76923076923077,43,195.01363636363635,5.278184230094268,920,1.7435524275532948,0.6299212598425197,0.0,piano,1
/mntdatalora/src/Music-Intelligence/data/sine_wave_binary_classification/homework1/piano/0032.mid,18,99,50,62.56,81,51.122727272727275,3.953601077685943,501,2.3795411945291454,0.6231316893771511,0.0,piano,1
/mntdatalora/src/Music-Intelligence/data/sine_wave_binary_classification/homework1/piano/0033.mid,27,74,28,52.535714285714285,47,506.1181818181818,6.228744076660646,2290,1.709217167713881,0.47381631881167696,0.0,piano,1
/mntdatalora/src/Music-Intelligence/data/sine_wave_binary_classification/homework1/piano/0034.mid,24,87,34,57.529411764705884,63,498.1318181818182,6.212870225559192,1793,1.5259364810543052,0.6297807308386507,0.0,piano,1
/mntdatalora/src/Music-Intelligence/data/sine_wave_binary_classification/homework1/piano/0035.mid,27,82,36,57.52777777777778,55,61.14090909090909,4.12940453357963,281,1.722041481737258,0.3996413259730434,0.0,piano,1
/mntdatalora/src/Music-Intelligence/data/sine_wave_binary_classification/homework1/piano/0036.mid,35,89,39,61.82051282051282,54,243.73181818181817,5.500162991345024,1579,2.012023138677584,0.616157939092319,0.0,piano,1
/mntdatalora/src/Music-Intelligence/data/sine_wave_binary_classification/homework1/piano/0037.mid,38,67,11,51.81818181818182,29,79.42727272727272,4.38735333169097,67,0.6116870787925847,0.5759783758373487,0.0,piano,1
/mntdatalora/src/Music-Intelligence/data/sine_wave_binary_classification/homework1/piano/0038.mid,28,124,49,61.02040816326531,96,228.75454545454545,5.437011545390668,2415,2.4473057873162274,0.6037267080745341,0.0,piano,1
/mntdatalora/src/Music-Intelligence/data/sine_wave_binary_classification/homework1/piano/0039.mid,26,88,50,60.38,62,281.7318181818182,5.644498809416091,1753,1.9771636854190198,0.4739501686647412,0.0,piano,1
/mntdatalora/src/Music-Intelligence/data/sine_wave_binary_classification/homework1/piano/0040.mid,36,80,37,60.13513513513514,44,471.2227272727273,6.157450754100388,1061,1.1791438591445096,0.43880754302507663,0.0,piano,1
/mntdatalora/src/Music-Intelligence/data/sine_wave_binary_classification/homework1/piano/0041.mid,47,88,21,74.47619047619048,41,73.81363636363636,4.315000172691707,507,2.062886452709771,0.6299212598425197,0.0,piano,1
/mntdatalora/src/Music-Intelligence/data/sine_wave_binary_classification/homework1/piano/0042.mid,25,90,65,57.04615384615385,65,557.5227272727273,6.325295311097106,2540,1.7148546818600268,0.46212722425444847,0.0,piano,1
/mntdatalora/src/Music-Intelligence/data/sine_wave_binary_classification/homework1/piano/0043.mid,31,80,32,62.125,49,395.2681818181818,5.982091208853474,1693,1.664525904486378,0.6299212598425197,0.0,piano,1
/mntdatalora/src/Music-Intelligence/data/sine_wave_binary_classification/homework1/piano/0044.mid,20,77,37,48.189189189189186,57,148.72272727272727,5.00878509869137,969,2.01696493359978,0.6299212598425197,0.0,piano,1
/mntdatalora/src/Music-Intelligence/data/sine_wave_binary_classification/homework1/piano/0045.mid,23,89,42,61.023809523809526,66,259.25454545454545,5.5616601730660715,894,1.4925328838108594,0.4236379009670771,0.0,piano,1
/mntdatalora/src/Music-Intelligence/data/sine_wave_binary_classification/homework1/piano/0046.mid,23,88,48,54.395833333333336,65,396.96363636363634,5.986360635189806,863,1.1549934590695594,0.5092745504146861,0.0,piano,1
/mntdatalora/src/Music-Intelligence/data/sine_wave_binary_classification/homework1/piano/0047.mid,34,87,38,61.26315789473684,53,495.5863636363636,6.207757413245505,1903,1.5768931931285266,0.5436256884074462,0.0,piano,1
/mntdatalora/src/Music-Intelligence/data/sine_wave_binary_classification/homework1/piano/0048.mid,26,93,40,57.775,67,472.9318181818182,6.161063467850335,2397,1.803092321245879,0.5707988003376925,0.0,piano,1
/mntdatalora/src/Music-Intelligence/data/sine_wave_binary_classification/homework1/piano/0049.mid,31,98,44,64.6590909090909,67,263.7318181818182,5.578717306700468,1294,1.7760533328996049,0.47858072995898693,0.0,piano,1
/mntdatalora/src/Music-Intelligence/data/sine_wave_binary_classification/homework1/piano/0050.mid,31,81,35,55.17142857142857,50,61.554545454545455,4.136038903410063,402,2.019000360059816,0.6299212598425197,0.0,piano,1
/mntdatalora/src/Music-Intelligence/data/sine_wave_binary_classification/homework1/piano/0051.mid,24,84,40,55.2,60,476.15,6.167830906863263,4729,2.391670868437575,0.47793560590293094,0.0,piano,1
/mntdatalora/src/Music-Intelligence/data/sine_wave_binary_classification/homework1/piano/0052.mid,30,95,47,61.97872340425532,65,441.3954545454545,6.0922041756197505,2302,1.8270104532170177,0.4527901106193177,0.0,piano,1
/mntdatalora/src/Music-Intelligence/data/sine_wave_binary_classification/homework1/piano/0053.mid,42,88,38,64.94736842105263,46,55.79545454545455,4.039456296916692,236,1.6543606523624625,0.5750700653943681,0.0,piano,1
/mntdatalora/src/Music-Intelligence/data/sine_wave_binary_classification/homework1/piano/0054.mid,32,84,48,59.708333333333336,52,386.4227272727273,5.959516415418152,1758,1.713693751724703,0.47616744152714696,0.0,piano,1
/mntdatalora/src/Music-Intelligence/data/sine_wave_binary_classification/homework1/piano/0055.mid,40,88,34,66.26470588235294,48,126.64545454545454,4.849256534322226,840,2.0324402975782156,0.5524465691788527,0.0,piano,1
/mntdatalora/src/Music-Intelligence/data/sine_wave_binary_classification/homework1/piano/0056.mid,36,84,45,60.82222222222222,48,268.9318181818182,5.598169401855979,1685,1.9831410550689998,0.402537442463609,0.0,piano,1
/mntdatalora/src/Music-Intelligence/data/sine_wave_binary_classification/homework1/piano/0057.mid,40,83,36,62.083333333333336,43,231.81363636363636,5.450238289586982,1634,2.0855187457695035,0.6297670563517381,0.0,piano,1
/mntdatalora/src/Music-Intelligence/data/sine_wave_binary_classification/homework1/piano/0058.mid,37,82,30,59.3,45,388.7409090909091,5.9654821826906375,1067,1.3203571876243712,0.5010294519183228,0.0,piano,1
/mntdatalora/src/Music-Intelligence/data/sine_wave_binary_classification/homework1/piano/0059.mid,25,92,54,60.46296296296296,67,574.1181818181818,6.354575553275052,2758,1.7585282045945885,0.4692405200618958,0.0,piano,1
/mntdatalora/src/Music-Intelligence/data/sine_wave_binary_classification/homework1/piano/0060.mid,31,101,62,66.61290322580645,70,287.4909090909091,5.664663574501619,2413,2.239997614463211,0.386407614920493,0.0,piano,1
/mntdatalora/src/Music-Intelligence/data/sine_wave_binary_classification/homework1/piano/0061.mid,24,89,52,57.21153846153846,65,396.65909090909093,5.985595082726359,1863,1.7398920374510547,0.39414034598332215,0.0,piano,1
/mntdatalora/src/Music-Intelligence/data/sine_wave_binary_classification/homework1/piano/0062.mid,36,79,27,57.44444444444444,43,215.87727272727273,5.379331630080325,712,1.458189410434675,0.45994426258515436,0.0,piano,1
/mntdatalora/src/Music-Intelligence/data/sine_wave_binary_classification/homework1/piano/0063.mid,33,81,32,57.15625,48,222.55,5.40963510267999,1793,2.203495594527665,0.5872355749173295,0.0,piano,1
/mntdatalora/src/Music-Intelligence/data/sine_wave_binary_classification/homework1/piano/0064.mid,40,89,41,63.951219512195124,49,251.42727272727274,5.531123178424272,898,1.5198652999125923,0.5564772109499675,0.0,piano,1
/mntdatalora/src/Music-Intelligence/data/sine_wave_binary_classification/homework1/piano/0065.mid,35,95,57,63.12280701754386,60,211.20454545454547,5.357550646565665,3382,2.8339726407309103,0.6299212598425197,0.0,piano,1
/mntdatalora/src/Music-Intelligence/data/sine_wave_binary_classification/homework1/piano/0066.mid,24,84,38,58.39473684210526,60,110.40454545454546,4.713168129663865,543,1.7780451501703523,0.6299212598425197,0.0,piano,1
/mntdatalora/src/Music-Intelligence/data/sine_wave_binary_classification/homework1/piano/0067.mid,28,84,36,54.25,56,293.44545454545454,5.685093772169896,863,1.3714145391324397,0.4800412404996305,0.0,piano,1
/mntdatalora/src/Music-Intelligence/data/sine_wave_binary_classification/homework1/piano/0068.mid,27,87,48,57.604166666666664,60,327.55454545454546,5.794702868142546,2378,2.1114075856176844,0.4246339476699138,0.0,piano,1
/mntdatalora/src/Music-Intelligence/data/sine_wave_binary_classification/homework1/piano/0069.mid,27,99,44,59.93181818181818,72,196.9181818181818,5.28785372215383,1787,2.3100407262429727,0.6299212598425197,0.0,piano,1
/mntdatalora/src/Music-Intelligence/data/sine_wave_binary_classification/homework1/piano/0070.mid,51,82,20,67.2,31,83.71818181818182,4.4393302399932395,284,1.4798606545808173,0.5922978817788621,0.0,piano,1
/mntdatalora/src/Music-Intelligence/data/sine_wave_binary_classification/homework1/piano/0071.mid,29,106,64,68.671875,77,286.58181818181816,5.661507404731018,2152,2.1411478535744743,0.3775612504756608,0.0,piano,1
/mntdatalora/src/Music-Intelligence/data/sine_wave_binary_classification/homework1/piano/0072.mid,31,84,48,58.479166666666664,53,420.4681818181818,6.043744286616706,1647,1.592711228035848,0.4107396411514135,0.0,piano,1
/mntdatalora/src/Music-Intelligence/data/sine_wave_binary_classification/homework1/piano/0073.mid,36,94,38,68.97368421052632,58,193.01363636363635,5.2679284471272725,455,1.2111508987590769,0.6066453231807563,0.0,piano,1
/mntdatalora/src/Music-Intelligence/data/sine_wave_binary_classification/homework1/piano/0074.mid,31,72,33,51.696969696969695,41,308.32272727272726,5.734385156696428,1404,1.7144589976388076,0.5259382641272404,0.0,piano,1
/mntdatalora/src/Music-Intelligence/data/sine_wave_binary_classification/homework1/piano/0075.mid,39,80,30,61.2,41,258.78636363636366,5.559859614931183,1050,1.6208526763141495,0.6299212598425197,0.0,piano,1
/mntdatalora/src/Music-Intelligence/data/sine_wave_binary_classification/homework1/piano/0076.mid,31,84,34,60.088235294117645,53,115.20454545454545,4.755351961161738,423,1.5415294793636725,0.6299212598425197,0.0,piano,1
/mntdatalora/src/Music-Intelligence/data/sine_wave_binary_classification/homework1/piano/0077.mid,40,83,36,62.083333333333336,43,231.81363636363636,5.450238289586982,1728,2.134670906897173,0.5655985710119569,0.0,piano,1
/mntdatalora/src/Music-Intelligence/data/sine_wave_binary_classification/homework1/piano/0078.mid,41,83,40,62.475,42,169.54090909090908,5.138975203960591,534,1.423031776399485,0.5556194520628741,0.0,piano,1
/mntdatalora/src/Music-Intelligence/data/sine_wave_binary_classification/homework1/piano/0079.mid,26,89,64,57.5,63,545.6045454545455,6.303725589329398,5642,2.4284088653630316,0.4614979889300438,0.0,piano,1
/mntdatalora/src/Music-Intelligence/data/sine_wave_binary_classification/homework1/piano/0080.mid,30,84,34,56.3235294117647,54,271.0590909090909,5.60601928869081,1219,1.7042342117355909,0.5455678786665202,0.0,piano,1
/mntdatalora/src/Music-Intelligence/data/sine_wave_binary_classification/homework1/piano/0081.mid,50,82,23,66.04347826086956,32,105.60454545454546,4.669126151109216,418,1.6010353007335512,0.6299212598425197,0.0,piano,1
/mntdatalora/src/Music-Intelligence/data/sine_wave_binary_classification/homework1/piano/0082.mid,31,67,21,49.42857142857143,36,320.75454545454545,5.773788973663302,2443,2.1536692021127894,0.6299212598425197,0.0,piano,1
/mntdatalora/src/Music-Intelligence/data/sine_wave_binary_classification/homework1/piano/0083.mid,28,88,52,59.71153846153846,60,396.95,5.9863263692518585,2958,2.1343818179939498,0.5303301336825798,0.0,piano,1
/mntdatalora/src/Music-Intelligence/data/sine_wave_binary_classification/homework1/piano/0084.mid,28,83,51,56.254901960784316,55,579.1090909090909,6.363216173628472,3442,1.9378221643732756,0.6296101424277224,0.0,piano,1
/mntdatalora/src/Music-Intelligence/data/sine_wave_binary_classification/homework1/piano/0085.mid,26,69,26,47.30769230769231,43,105.58636363636364,4.668955582689545,446,1.6532691934396724,0.26213763638289606,0.0,piano,1
/mntdatalora/src/Music-Intelligence/data/sine_wave_binary_classification/homework1/piano/0086.mid,30,97,38,64.97368421052632,67,463.55454545454546,6.141078979679524,3018,2.0163101217349024,0.4630641348757847,0.0,piano,1
/mntdatalora/src/Music-Intelligence/data/sine_wave_binary_classification/homework1/piano/0087.mid,40,85,38,64.07894736842105,45,165.97272727272727,5.117830489336119,1681,2.409479732809587,0.5653365310299925,0.0,piano,1
/mntdatalora/src/Music-Intelligence/data/sine_wave_binary_classification/homework1/piano/0088.mid,29,86,41,57.80487804878049,57,253.7,5.540086381985411,748,1.3733013690124825,0.50007368731315,0.0,piano,1
/mntdatalora/src/Music-Intelligence/data/sine_wave_binary_classification/homework1/piano/0089.mid,27,71,20,51.55,44,68.03636363636363,4.234633374999332,504,2.129160240548415,0.5238407699037619,0.0,piano,1
/mntdatalora/src/Music-Intelligence/data/sine_wave_binary_classification/homework1/piano/0090.mid,31,78,29,53.86206896551724,47,172.21363636363637,5.154525724920807,751,1.6791248884406687,0.6299212598425197,0.0,piano,1
/mntdatalora/src/Music-Intelligence/data/sine_wave_binary_classification/homework1/piano/0091.mid,38,100,60,67.68333333333334,62,72.5,4.297285406218791,410,1.8953943589184115,0.4839254849241406,0.0,piano,1
/mntdatalora/src/Music-Intelligence/data/sine_wave_binary_classification/homework1/piano/0092.mid,32,108,67,68.08955223880596,76,322.95,5.780589182895966,1906,1.9317883890721257,0.43503317331923225,0.0,piano,1
/mntdatalora/src/Music-Intelligence/data/sine_wave_binary_classification/homework1/piano/0093.mid,40,85,36,62.388888888888886,45,291.23636363636365,5.67756293933667,711,1.2358539620282034,0.6299212598425197,0.0,piano,1
/mntdatalora/src/Music-Intelligence/data/sine_wave_binary_classification/homework1/piano/0094.mid,28,72,24,49.875,44,615.6227272727273,6.424257373794387,832,0.8550436713538817,0.627801332525742,0.0,piano,1
/mntdatalora/src/Music-Intelligence/data/sine_wave_binary_classification/homework1/piano/0095.mid,28,84,30,58.06666666666667,56,614.3545454545455,6.422198598370207,3734,1.9569805900204909,0.6299212598425197,0.0,piano,1
/mntdatalora/src/Music-Intelligence/data/sine_wave_binary_classification/homework1/piano/0096.mid,26,87,38,59.28947368421053,61,492.34090909090907,6.201200434237501,3908,2.1902659150427963,0.6299212598425197,0.0,piano,1
/mntdatalora/src/Music-Intelligence/data/sine_wave_binary_classification/homework1/piano/0097.mid,30,84,34,56.3235294117647,54,275.4136363636364,5.621898426290288,1218,1.6905457098216452,0.5456085230725469,0.0,piano,1
/mntdatalora/src/Music-Intelligence/data/sine_wave_binary_classification/homework1/piano/0098.mid,21,74,24,50.333333333333336,53,467.7318181818182,6.150030788653564,715,0.9276870483027939,0.4926821210285777,0.0,piano,1
/mntdatalora/src/Music-Intelligence/data/sine_wave_binary_classification/homework1/piano/0099.mid,46,75,19,60.78947368421053,29,82.67727272727272,4.4269674080942005,89,0.7306716445769811,0.6299212598425197,0.0,piano,1
/mntdatalora/src/Music-Intelligence/data/sine_wave_binary_classification/homework1/piano/0100.mid,28,83,54,55.31481481481482,55,302.3727272727273,5.714962172540261,1326,1.6836760156660775,0.5161637035189606,0.0,piano,1
/mntdatalora/src/Music-Intelligence/data/sine_wave_binary_classification/homework1/piano/0101.mid,28,81,31,56.903225806451616,53,402.8681818181818,6.001088542091129,1728,1.665675356578312,0.4604294254884806,0.0,piano,1
/mntdatalora/src/Music-Intelligence/data/sine_wave_binary_classification/homework1/piano/0102.mid,31,86,54,58.5,55,275.5090909090909,5.622243698935794,1973,2.0994020233983375,0.6279098538937068,0.0,piano,1
/mntdatalora/src/Music-Intelligence/data/sine_wave_binary_classification/homework1/piano/0103.mid,20,91,57,57.54385964912281,71,479.4590909090909,6.174742086199153,1723,1.5246712091631052,0.5557281979334707,0.0,piano,1
/mntdatalora/src/Music-Intelligence/data/sine_wave_binary_classification/homework1/piano/0104.mid,35,73,22,55.27272727272727,38,63.94090909090909,4.173477765512796,325,1.8054680660238127,0.6113143549364022,0.0,piano,1
/mntdatalora/src/Music-Intelligence/data/sine_wave_binary_classification/homework1/piano/0105.mid,27,80,41,53.80487804878049,53,514.7727272727273,6.245666217432674,1702,1.4600821937341975,0.3752833627876421,0.0,piano,1
/mntdatalora/src/Music-Intelligence/data/sine_wave_binary_classification/homework1/piano/0106.mid,29,73,38,51.5,44,338.5,5.827473946998751,1072,1.4271754380897212,0.6260577036079445,0.0,piano,1
/mntdatalora/src/Music-Intelligence/data/sine_wave_binary_classification/homework1/piano/0107.mid,38,84,36,62.02777777777778,46,293.0272727272727,5.683672527414811,604,1.1188205803090683,0.5773582937894353,0.0,piano,1
/mntdatalora/src/Music-Intelligence/data/sine_wave_binary_classification/homework1/piano/0108.mid,29,67,31,47.54838709677419,38,220.83636363636364,5.401940009342863,1298,1.928277779192813,0.3424044259490676,0.0,piano,1
/mntdatalora/src/Music-Intelligence/data/sine_wave_binary_classification/homework1/piano/0109.mid,36,77,32,56.6875,41,166.6590909090909,5.1219326969660415,1306,2.178874596878564,0.5165860775825687,0.0,piano,1
/mntdatalora/src/Music-Intelligence/data/sine_wave_binary_classification/homework1/piano/0110.mid,17,82,35,62.17142857142857,65,170.1,5.1422481808981475,888,1.8278436265083,0.3202631765623892,0.0,piano,1
/mntdatalora/src/Music-Intelligence/data/sine_wave_binary_classification/homework1/piano/0111.mid,24,86,47,53.61702127659574,62,488.02272727272725,6.19240896543519,3126,2.0022147827588825,0.4353454138770082,0.0,piano,1
/mntdatalora/src/Music-Intelligence/data/sine_wave_binary_classification/homework1/piano/0112.mid,44,79,24,60.416666666666664,35,184.5818181818182,5.223495853171028,558,1.3920402332817827,0.5218722659667541,0.0,piano,1
/mntdatalora/src/Music-Intelligence/data/sine_wave_binary_classification/homework1/piano/0113.mid,31,85,43,58.627906976744185,54,500.58181818181816,6.217766741017846,4278,2.256128032421366,0.4886343975586502,0.0,piano,1
/mntdatalora/src/Music-Intelligence/data/sine_wave_binary_classification/homework1/piano/0114.mid,36,101,53,69.73584905660377,65,49.027272727272724,3.9125683112673424,387,2.1853280639746933,0.6240411808988993,0.0,piano,1
/mntdatalora/src/Music-Intelligence/data/sine_wave_binary_classification/homework1/piano/0115.mid,28,88,42,56.04761904761905,60,287.44545454545454,5.664506002372651,1979,2.0649348852331357,0.629658660024748,0.0,piano,1
/mntdatalora/src/Music-Intelligence/data/sine_wave_binary_classification/homework1/piano/0116.mid,37,93,33,61.63636363636363,56,104.03636363636363,4.654306610548795,545,1.8307482570132076,0.5855378169471935,0.0,piano,1
/mntdatalora/src/Music-Intelligence/data/sine_wave_binary_classification/homework1/piano/0117.mid,29,77,24,56.541666666666664,48,260.5318181818182,5.566555951750585,698,1.3026777612754614,0.5918597567854161,0.0,piano,1
/mntdatalora/src/Music-Intelligence/data/sine_wave_binary_classification/homework1/piano/0118.mid,43,81,34,61.794117647058826,38,171.8272727272727,5.15229267219921,1054,1.9648814758165152,0.4938068699666811,0.0,piano,1
/mntdatalora/src/Music-Intelligence/data/sine_wave_binary_classification/homework1/piano/0119.mid,21,81,51,50.98039215686274,60,312.9318181818182,5.749175822781699,1929,1.9691078584846975,0.5630227403534123,0.0,piano,1
/mntdatalora/src/Music-Intelligence/data/sine_wave_binary_classification/homework1/drums/0000.mid,36,53,3,43.0,17,333.75,5.813383984571282,304,0.6475541473074615,0.8661417322834646,1.0,drums,0
/mntdatalora/src/Music-Intelligence/data/sine_wave_binary_classification/homework1/drums/0001.mid,36,49,9,43.888888888888886,13,143.9409090909091,4.97632613584933,603,1.6465832158853408,0.7459422049855708,1.0,drums,0
/mntdatalora/src/Music-Intelligence/data/sine_wave_binary_classification/homework1/drums/0002.mid,31,64,11,44.36363636363637,33,787.4909090909091,6.670120876965557,3499,1.6943718806716466,0.6192702977003554,1.0,drums,0
/mntdatalora/src/Music-Intelligence/data/sine_wave_binary_classification/homework1/drums/0003.mid,31,57,14,46.357142857142854,26,178.5,5.190175207928333,206,0.7673551877260049,0.626901613026527,1.0,drums,0
/mntdatalora/src/Music-Intelligence/data/sine_wave_binary_classification/homework1/drums/0004.mid,35,46,5,39.8,11,626.4545454545455,6.441671230859578,3984,1.996005512452888,0.7559055118110236,1.0,drums,0
/mntdatalora/src/Music-Intelligence/data/sine_wave_binary_classification/homework1/drums/0005.mid,35,42,3,39.0,7,229.8590909090909,5.441807528333959,1242,1.8568150954659388,0.7244094488188977,1.0,drums,0
/mntdatalora/src/Music-Intelligence/data/sine_wave_binary_classification/homework1/drums/0006.mid,39,70,22,56.95454545454545,31,438.82272727272726,6.086371753167309,760,1.004999772405955,0.7198508081226689,1.0,drums,0
/mntdatalora/src/Music-Intelligence/data/sine_wave_binary_classification/homework1/drums/0007.mid,35,48,5,38.8,13,276.4045454545454,5.6254768936677,594,1.1470925613845284,0.6372252710835388,1.0,drums,0
/mntdatalora/src/Music-Intelligence/data/sine_wave_binary_classification/homework1/drums/0008.mid,38,42,2,40.0,4,179.18636363636364,5.193991668816757,590,1.456906883709457,0.8661417322834646,1.0,drums,0
/mntdatalora/src/Music-Intelligence/data/sine_wave_binary_classification/homework1/drums/0009.mid,35,58,14,47.57142857142857,23,205.36363636363637,5.329639837677078,963,1.7385772037677456,0.5039370078740157,1.0,drums,0
/mntdatalora/src/Music-Intelligence/data/sine_wave_binary_classification/homework1/drums/0010.mid,36,57,9,44.44444444444444,21,297.6545454545454,5.699287539067667,413,0.8702528697356806,0.7361346780804942,1.0,drums,0
/mntdatalora/src/Music-Intelligence/data/sine_wave_binary_classification/homework1/drums/0011.mid,35,57,11,45.45454545454545,22,344.9818181818182,5.846386225069536,909,1.2905875073098412,0.7233526502256524,1.0,drums,0
/mntdatalora/src/Music-Intelligence/data/sine_wave_binary_classification/homework1/drums/0012.mid,38,55,4,45.25,17,132.13181818181818,4.89133975154142,463,1.5049828772872131,0.3937007874015748,1.0,drums,0
/mntdatalora/src/Music-Intelligence/data/sine_wave_binary_classification/homework1/drums/0013.mid,35,57,10,45.1,22,515.9090909090909,6.247867019412574,1743,1.476706703038865,0.8661417322834646,1.0,drums,0
/mntdatalora/src/Music-Intelligence/data/sine_wave_binary_classification/homework1/drums/0014.mid,36,57,9,45.77777777777778,21,124.9,4.835487941050301,331,1.2947600700878636,0.9705497537883293,1.0,drums,0
/mntdatalora/src/Music-Intelligence/data/sine_wave_binary_classification/homework1/drums/0015.mid,35,44,4,39.5,9,153.58636363636364,5.040752928099869,880,1.9065269015015898,0.7874015748031497,1.0,drums,0
/mntdatalora/src/Music-Intelligence/data/sine_wave_binary_classification/homework1/drums/0016.mid,36,57,11,45.18181818181818,21,321.3,5.775482788821392,1619,1.798222613155414,0.7470831124491156,1.0,drums,0
/mntdatalora/src/Music-Intelligence/data/sine_wave_binary_classification/homework1/drums/0017.mid,35,60,9,47.44444444444444,25,449.5863636363636,6.110549764860157,1092,1.2322393033404535,0.7566265755242133,1.0,drums,0
/mntdatalora/src/Music-Intelligence/data/sine_wave_binary_classification/homework1/drums/0018.mid,33,51,6,42.166666666666664,18,365.33181818181816,5.9035395297355615,460,0.8149794778104309,0.4770626497774735,1.0,drums,0
/mntdatalora/src/Music-Intelligence/data/sine_wave_binary_classification/homework1/drums/0019.mid,36,57,4,47.0,21,139.23636363636365,4.943329310701528,396,1.346535503715292,0.3937007874015748,1.0,drums,0
/mntdatalora/src/Music-Intelligence/data/sine_wave_binary_classification/homework1/drums/0020.mid,36,54,7,40.857142857142854,18,255.79545454545453,5.548279871290985,1421,1.8802616639093601,1.0,1.0,drums,0
/mntdatalora/src/Music-Intelligence/data/sine_wave_binary_classification/homework1/drums/0021.mid,35,51,10,43.2,16,329.23636363636365,5.7998086515169724,878,1.2993131059731176,0.646323964629706,1.0,drums,0
/mntdatalora/src/Music-Intelligence/data/sine_wave_binary_classification/homework1/drums/0022.mid,36,38,2,37.0,2,209.63636363636363,5.350133251634006,311,0.909677411564853,0.3700787401574803,1.0,drums,0
/mntdatalora/src/Music-Intelligence/data/sine_wave_binary_classification/homework1/drums/0023.mid,0,0,1,0.0,0,194.40454545454546,5.275072001643879,520,1.3015081184395814,0.30987280436099335,1.0,drums,0
/mntdatalora/src/Music-Intelligence/data/sine_wave_binary_classification/homework1/drums/0024.mid,28,76,17,48.8235294117647,48,431.75,6.070160194056319,1918,1.6942175014736227,0.6576978972518946,1.0,drums,0
/mntdatalora/src/Music-Intelligence/data/sine_wave_binary_classification/homework1/drums/0025.mid,36,57,11,45.63636363636363,21,679.2227272727273,6.522420284647554,1179,1.0064266906684554,0.6136589796504444,1.0,drums,0
/mntdatalora/src/Music-Intelligence/data/sine_wave_binary_classification/homework1/drums/0026.mid,32,51,7,40.42857142857143,19,323.3181818181818,5.781725076552621,159,0.39996710314007516,0.7480314960629921,1.0,drums,0
/mntdatalora/src/Music-Intelligence/data/sine_wave_binary_classification/homework1/drums/0027.mid,35,86,9,51.111111111111114,51,315.6045454545455,5.757653504433381,1183,1.5577996596106203,0.5226003554289442,1.0,drums,0
/mntdatalora/src/Music-Intelligence/data/sine_wave_binary_classification/homework1/drums/0028.mid,35,54,4,41.75,19,100.19545454545455,4.617053840285882,202,1.103951184708619,0.3937007874015748,1.0,drums,0
/mntdatalora/src/Music-Intelligence/data/sine_wave_binary_classification/homework1/drums/0029.mid,36,56,6,45.666666666666664,20,475.18636363636364,6.16580929785183,4515,2.3515214638850113,0.8661417322834646,1.0,drums,0
/mntdatalora/src/Music-Intelligence/data/sine_wave_binary_classification/homework1/drums/0030.mid,36,57,10,45.5,21,202.51818181818183,5.315755346435465,810,1.6093660868982957,0.8432584815786915,1.0,drums,0
/mntdatalora/src/Music-Intelligence/data/sine_wave_binary_classification/homework1/drums/0031.mid,36,57,7,46.42857142857143,21,195.01363636363635,5.278184230094268,820,1.6495878400379786,0.7480314960629921,1.0,drums,0
/mntdatalora/src/Music-Intelligence/data/sine_wave_binary_classification/homework1/drums/0032.mid,0,53,9,39.333333333333336,53,63.972727272727276,4.173967601427563,1410,3.1372597138752965,0.33496956497459096,1.0,drums,0
/mntdatalora/src/Music-Intelligence/data/sine_wave_binary_classification/homework1/drums/0033.mid,35,81,23,53.0,46,506.4227272727273,6.229344437791407,3061,1.95222693902325,0.4738145889228727,1.0,drums,0
/mntdatalora/src/Music-Intelligence/data/sine_wave_binary_classification/homework1/drums/0034.mid,35,43,2,39.0,8,496.9818181818182,6.210563566683095,215,0.35949893253215376,0.7874015748031497,1.0,drums,0
/mntdatalora/src/Music-Intelligence/data/sine_wave_binary_classification/homework1/drums/0035.mid,36,84,9,51.888888888888886,48,61.122727272727275,4.129111900612439,128,1.129512389500575,0.5418922244094488,1.0,drums,0
/mntdatalora/src/Music-Intelligence/data/sine_wave_binary_classification/homework1/drums/0036.mid,35,50,7,44.142857142857146,15,243.73181818181817,5.500162991345024,782,1.437093090754557,0.9435930483114163,1.0,drums,0
/mntdatalora/src/Music-Intelligence/data/sine_wave_binary_classification/homework1/drums/0037.mid,35,57,6,43.5,22,79.42727272727272,4.38735333169097,128,0.9599389908474757,0.6687376968503937,1.0,drums,0
/mntdatalora/src/Music-Intelligence/data/sine_wave_binary_classification/homework1/drums/0038.mid,35,72,16,47.1875,37,228.75454545454545,5.437011545390668,1305,1.902824384844524,0.9960901439044257,1.0,drums,0
/mntdatalora/src/Music-Intelligence/data/sine_wave_binary_classification/homework1/drums/0039.mid,35,69,7,50.714285714285715,34,272.82272727272726,5.612480916249235,2057,2.144725227333578,0.5476709067176034,1.0,drums,0
/mntdatalora/src/Music-Intelligence/data/sine_wave_binary_classification/homework1/drums/0040.mid,36,85,10,61.8,49,457.35,6.127633084407785,2246,1.7767980615480838,0.45981307100637353,1.0,drums,0
/mntdatalora/src/Music-Intelligence/data/sine_wave_binary_classification/homework1/drums/0041.mid,38,44,2,41.0,6,68.15,4.236278058110767,176,1.2760716323651276,0.8661417322834646,1.0,drums,0
/mntdatalora/src/Music-Intelligence/data/sine_wave_binary_classification/homework1/drums/0042.mid,35,84,16,46.5,49,555.9545454545455,6.3224836305911305,830,0.9134578455956766,0.7044303197040129,1.0,drums,0
/mntdatalora/src/Music-Intelligence/data/sine_wave_binary_classification/homework1/drums/0043.mid,35,59,14,46.07142857142857,24,395.2681818181818,5.982091208853474,1602,1.6199711409104265,0.3937007874015748,1.0,drums,0
/mntdatalora/src/Music-Intelligence/data/sine_wave_binary_classification/homework1/drums/0044.mid,33,49,6,40.5,16,148.72272727272727,5.00878509869137,1826,2.586099594675037,0.7874015748031497,1.0,drums,0
/mntdatalora/src/Music-Intelligence/data/sine_wave_binary_classification/homework1/drums/0045.mid,38,57,4,50.0,19,258.7090909090909,5.559562123481868,126,0.3967832113305975,0.783902012248469,1.0,drums,0
/mntdatalora/src/Music-Intelligence/data/sine_wave_binary_classification/homework1/drums/0046.mid,35,69,21,48.523809523809526,34,396.99545454545455,5.986440584479157,1214,1.4006827305478193,0.9377472791189404,1.0,drums,0
/mntdatalora/src/Music-Intelligence/data/sine_wave_binary_classification/homework1/drums/0047.mid,36,59,9,47.0,23,495.5863636363636,6.207757413245505,1728,1.5011350159806385,0.869550160396617,1.0,drums,0
/mntdatalora/src/Music-Intelligence/data/sine_wave_binary_classification/homework1/drums/0048.mid,35,57,12,46.083333333333336,22,444.34090909090907,6.0988400767154705,1922,1.6725080397591625,0.8906650716527239,1.0,drums,0
/mntdatalora/src/Music-Intelligence/data/sine_wave_binary_classification/homework1/drums/0049.mid,35,49,9,42.333333333333336,14,261.1545454545454,5.568934198004385,665,1.2659287561975736,0.6553549227399207,1.0,drums,0
/mntdatalora/src/Music-Intelligence/data/sine_wave_binary_classification/homework1/drums/0050.mid,36,57,11,45.09090909090909,21,58.804545454545455,4.091081669013477,228,1.584581801899554,0.3937007874015748,1.0,drums,0
/mntdatalora/src/Music-Intelligence/data/sine_wave_binary_classification/homework1/drums/0051.mid,36,82,8,55.625,46,476.15,6.167830906863263,3651,2.15960944446608,0.8661417322834646,1.0,drums,0
/mntdatalora/src/Music-Intelligence/data/sine_wave_binary_classification/homework1/drums/0052.mid,36,42,3,39.333333333333336,6,437.90909090909093,6.084292309419052,673,0.9309226260953656,0.706742637853775,1.0,drums,0
/mntdatalora/src/Music-Intelligence/data/sine_wave_binary_classification/homework1/drums/0053.mid,35,45,4,38.5,10,53.39545454545455,3.996280594221155,169,1.4267315025011416,0.3937007874015748,1.0,drums,0
/mntdatalora/src/Music-Intelligence/data/sine_wave_binary_classification/homework1/drums/0054.mid,36,57,11,45.18181818181818,21,386.45454545454544,5.959598539860192,1232,1.4322127330460726,0.6702628080580837,1.0,drums,0
/mntdatalora/src/Music-Intelligence/data/sine_wave_binary_classification/homework1/drums/0055.mid,38,49,4,42.25,11,126.64545454545454,4.849256534322226,547,1.6713124547635463,0.8702154918020988,1.0,drums,0
/mntdatalora/src/Music-Intelligence/data/sine_wave_binary_classification/homework1/drums/0056.mid,42,49,3,45.0,7,260.9,5.567962751513666,682,1.284823040328949,0.9862608816126722,1.0,drums,0
/mntdatalora/src/Music-Intelligence/data/sine_wave_binary_classification/homework1/drums/0057.mid,40,55,5,49.4,15,231.68636363636364,5.449691467973903,778,1.472010454384229,0.7833532376576322,1.0,drums,0
/mntdatalora/src/Music-Intelligence/data/sine_wave_binary_classification/homework1/drums/0058.mid,36,62,16,46.9375,26,388.48636363636365,5.964828854778464,1723,1.6928893470560769,0.7512076080449317,1.0,drums,0
/mntdatalora/src/Music-Intelligence/data/sine_wave_binary_classification/homework1/drums/0060.mid,36,57,4,46.5,21,287.3636363636364,5.664222309956368,1175,1.6270608952483965,0.46849388507287654,1.0,drums,0
/mntdatalora/src/Music-Intelligence/data/sine_wave_binary_classification/homework1/drums/0061.mid,36,59,16,45.25,23,392.9818181818182,5.976304761486485,897,1.1886200561930513,0.9036332832977817,1.0,drums,0
/mntdatalora/src/Music-Intelligence/data/sine_wave_binary_classification/homework1/drums/0062.mid,36,54,5,44.2,18,213.79545454545453,5.369686201076795,660,1.4078265765108322,0.4594368885707469,1.0,drums,0
/mntdatalora/src/Music-Intelligence/data/sine_wave_binary_classification/homework1/drums/0063.mid,35,88,14,47.57142857142857,53,222.55,5.40963510267999,2073,2.3335759497370905,0.9254456434624398,1.0,drums,0
/mntdatalora/src/Music-Intelligence/data/sine_wave_binary_classification/homework1/drums/0064.mid,36,57,9,45.44444444444444,21,251.76363636363635,5.532454808427961,413,0.9709408470123166,0.8724333187165164,1.0,drums,0
/mntdatalora/src/Music-Intelligence/data/sine_wave_binary_classification/homework1/drums/0065.mid,35,35,1,35.0,0,211.20454545454547,5.357550646565665,330,0.9409702214666037,0.3937007874015748,1.0,drums,0
/mntdatalora/src/Music-Intelligence/data/sine_wave_binary_classification/homework1/drums/0066.mid,36,46,4,41.5,10,110.40454545454546,4.713168129663865,448,1.6209323859647462,0.7874015748031497,1.0,drums,0
/mntdatalora/src/Music-Intelligence/data/sine_wave_binary_classification/homework1/drums/0067.mid,35,59,8,48.75,24,292.02272727272725,5.680250173492577,990,1.4793627329401036,0.7618627217052414,1.0,drums,0
/mntdatalora/src/Music-Intelligence/data/sine_wave_binary_classification/homework1/drums/0068.mid,35,55,8,42.75,20,327.09090909090907,5.793290731844418,809,1.2451104799753052,0.6136087130023457,1.0,drums,0
/mntdatalora/src/Music-Intelligence/data/sine_wave_binary_classification/homework1/drums/0069.mid,36,51,5,43.8,15,195.65454545454546,5.281448613050275,789,1.6159402834146093,0.8338073710367954,1.0,drums,0
/mntdatalora/src/Music-Intelligence/data/sine_wave_binary_classification/homework1/drums/0070.mid,39,50,3,43.0,11,79.97272727272727,4.394112397639454,160,1.0988396130609959,0.6993110236220472,1.0,drums,0
/mntdatalora/src/Music-Intelligence/data/sine_wave_binary_classification/homework1/drums/0071.mid,36,81,14,49.214285714285715,45,291.90909090909093,5.67986229093855,823,1.340085726462136,0.5519464987897169,1.0,drums,0
/mntdatalora/src/Music-Intelligence/data/sine_wave_binary_classification/homework1/drums/0072.mid,36,59,11,46.90909090909091,23,420.4681818181818,6.043744286616706,1199,1.348484282446876,0.5039370078740157,1.0,drums,0
/mntdatalora/src/Music-Intelligence/data/sine_wave_binary_classification/homework1/drums/0073.mid,31,82,4,55.25,51,193.01363636363635,5.2679284471272725,212,0.7411598954305618,0.49606299212598426,1.0,drums,0
/mntdatalora/src/Music-Intelligence/data/sine_wave_binary_classification/homework1/drums/0074.mid,36,46,4,41.0,10,308.32272727272726,5.734385156696428,665,1.1495686596789485,0.7717719495589367,1.0,drums,0
/mntdatalora/src/Music-Intelligence/data/sine_wave_binary_classification/homework1/drums/0075.mid,36,40,2,38.0,4,258.78636363636366,5.559859614931183,858,1.462207651224511,0.6299212598425197,1.0,drums,0
/mntdatalora/src/Music-Intelligence/data/sine_wave_binary_classification/homework1/drums/0076.mid,40,49,2,44.5,9,115.18636363636364,4.7551954850044735,522,1.7105108073185264,0.7144990496877546,1.0,drums,0
/mntdatalora/src/Music-Intelligence/data/sine_wave_binary_classification/homework1/drums/0077.mid,49,55,4,51.75,6,231.68636363636364,5.449691467973903,686,1.3764711042587539,0.7943114253575446,1.0,drums,0
/mntdatalora/src/Music-Intelligence/data/sine_wave_binary_classification/homework1/drums/0078.mid,77,77,1,77.0,0,165.20454545454547,5.11321923135269,172,0.7135053304661582,0.5236220472440944,1.0,drums,0
/mntdatalora/src/Music-Intelligence/data/sine_wave_binary_classification/homework1/drums/0079.mid,36,57,12,45.5,21,545.35,6.3032597960167545,3764,2.067114569284793,0.6089936154367527,1.0,drums,0
/mntdatalora/src/Music-Intelligence/data/sine_wave_binary_classification/homework1/drums/0080.mid,36,70,4,46.25,34,266.5318181818182,5.589238505736577,1051,1.5980218012650675,0.6385894199000577,1.0,drums,0
/mntdatalora/src/Music-Intelligence/data/sine_wave_binary_classification/homework1/drums/0081.mid,41,81,6,50.833333333333336,40,104.55,4.65918477429433,199,1.0658809157018005,0.5549796225220591,1.0,drums,0
/mntdatalora/src/Music-Intelligence/data/sine_wave_binary_classification/homework1/drums/0082.mid,36,49,7,43.714285714285715,13,320.75454545454545,5.773788973663302,1306,1.6236660578381252,0.7480314960629921,1.0,drums,0
/mntdatalora/src/Music-Intelligence/data/sine_wave_binary_classification/homework1/drums/0083.mid,36,69,8,45.75,33,396.67727272727274,5.985640803804927,1327,1.4690922018582795,0.8751253493464033,1.0,drums,0
/mntdatalora/src/Music-Intelligence/data/sine_wave_binary_classification/homework1/drums/0084.mid,3,57,14,42.0,54,579.1090909090909,6.363216173628472,2723,1.7408257893134378,0.6709974235225739,1.0,drums,0
/mntdatalora/src/Music-Intelligence/data/sine_wave_binary_classification/homework1/drums/0085.mid,36,51,5,43.2,15,105.58636363636364,4.668955582689545,860,2.213206316814979,0.3040835011902582,1.0,drums,0
/mntdatalora/src/Music-Intelligence/data/sine_wave_binary_classification/homework1/drums/0086.mid,54,70,3,64.33333333333333,16,221.65454545454546,5.405621446805429,584,1.2905349786427431,0.49325854816093195,1.0,drums,0
/mntdatalora/src/Music-Intelligence/data/sine_wave_binary_classification/homework1/drums/0087.mid,33,57,10,41.0,24,165.97272727272727,5.117830489336119,224,0.8542533252874467,0.7480314960629921,1.0,drums,0
/mntdatalora/src/Music-Intelligence/data/sine_wave_binary_classification/homework1/drums/0088.mid,36,50,7,43.57142857142857,14,191.55454545454546,5.260379466601582,182,0.6678914318861234,0.7480314960629921,1.0,drums,0
/mntdatalora/src/Music-Intelligence/data/sine_wave_binary_classification/homework1/drums/0089.mid,35,59,9,46.0,24,67.71818181818182,4.23001381949976,143,1.1351669011484007,0.7963217884477727,1.0,drums,0
/mntdatalora/src/Music-Intelligence/data/sine_wave_binary_classification/homework1/drums/0090.mid,35,82,12,55.0,47,172.21363636363637,5.154525724920807,1242,2.1055931436194038,0.3937007874015748,1.0,drums,0
/mntdatalora/src/Music-Intelligence/data/sine_wave_binary_classification/homework1/drums/0091.mid,35,57,6,46.666666666666664,22,72.5,4.297285406218791,414,1.9036503397654307,0.7572749058541596,1.0,drums,0
/mntdatalora/src/Music-Intelligence/data/sine_wave_binary_classification/homework1/drums/0092.mid,0,65,8,37.875,65,331.8272727272727,5.807623654890092,1128,1.4814588306893082,0.6175797174289384,1.0,drums,0
/mntdatalora/src/Music-Intelligence/data/sine_wave_binary_classification/homework1/drums/0093.mid,69,69,1,69.0,0,291.0772727272727,5.67701839988689,240,0.601318759741799,0.8661417322834646,1.0,drums,0
/mntdatalora/src/Music-Intelligence/data/sine_wave_binary_classification/homework1/drums/0094.mid,35,53,12,43.583333333333336,18,609.7,6.414605840229089,1659,1.3139952262890444,0.7478036764391792,1.0,drums,0
/mntdatalora/src/Music-Intelligence/data/sine_wave_binary_classification/homework1/drums/0095.mid,36,55,10,44.6,19,614.3545454545455,6.422198598370207,2206,1.5240456842787997,0.7874015748031497,1.0,drums,0
/mntdatalora/src/Music-Intelligence/data/sine_wave_binary_classification/homework1/drums/0096.mid,0,46,4,30.5,46,443.7818181818182,6.097583865711113,895,1.1041823473980816,0.19751022742268948,1.0,drums,0
/mntdatalora/src/Music-Intelligence/data/sine_wave_binary_classification/homework1/drums/0097.mid,36,70,4,46.25,34,270.8863636363636,5.605384198252643,1061,1.5926521243112488,0.6414317201867202,1.0,drums,0
/mntdatalora/src/Music-Intelligence/data/sine_wave_binary_classification/homework1/drums/0098.mid,35,70,11,48.81818181818182,35,466.55,6.147506294881456,1094,1.2074284065299967,0.709604283925204,1.0,drums,0
/mntdatalora/src/Music-Intelligence/data/sine_wave_binary_classification/homework1/drums/0099.mid,27,85,24,50.0,58,144.0681818181818,4.977203851337796,127,0.6320837102945027,0.3937007874015748,1.0,drums,0
/mntdatalora/src/Music-Intelligence/data/sine_wave_binary_classification/homework1/drums/0100.mid,36,59,16,46.8125,23,299.5409090909091,5.705583881451291,800,1.3003970167812933,0.744498031496063,1.0,drums,0
/mntdatalora/src/Music-Intelligence/data/sine_wave_binary_classification/homework1/drums/0101.mid,35,57,6,46.166666666666664,22,402.43636363636364,6.000018764333945,2163,1.8523468838188424,0.6592331298393526,1.0,drums,0
/mntdatalora/src/Music-Intelligence/data/sine_wave_binary_classification/homework1/drums/0102.mid,36,57,8,46.0,21,274.65909090909093,5.61916492439062,951,1.49570335246661,0.9763779527559056,1.0,drums,0
/mntdatalora/src/Music-Intelligence/data/sine_wave_binary_classification/homework1/drums/0103.mid,36,57,10,45.9,21,371.95454545454544,5.921456550165876,113,0.26528350866407957,0.6627412723851996,1.0,drums,0
/mntdatalora/src/Music-Intelligence/data/sine_wave_binary_classification/homework1/drums/0104.mid,36,64,7,49.57142857142857,28,63.94090909090909,4.173477765512796,176,1.3224333195002642,0.7874015748031497,1.0,drums,0
/mntdatalora/src/Music-Intelligence/data/sine_wave_binary_classification/homework1/drums/0105.mid,36,51,9,42.666666666666664,15,507.3818181818182,6.2312327758548225,1229,1.2302949991660355,0.8005868672437101,1.0,drums,0
/mntdatalora/src/Music-Intelligence/data/sine_wave_binary_classification/homework1/drums/0106.mid,35,42,5,38.2,7,338.5181818181818,5.82752750025748,1027,1.3947114521467263,1.0,1.0,drums,0
/mntdatalora/src/Music-Intelligence/data/sine_wave_binary_classification/homework1/drums/0107.mid,36,57,11,45.09090909090909,21,277.0272727272727,5.627719212214333,341,0.8024166282707217,0.6440991063800309,1.0,drums,0
/mntdatalora/src/Music-Intelligence/data/sine_wave_binary_classification/homework1/drums/0108.mid,35,49,5,41.4,14,220.83636363636364,5.401940009342863,1059,1.7570655166071767,0.6377952755905512,1.0,drums,0
/mntdatalora/src/Music-Intelligence/data/sine_wave_binary_classification/homework1/drums/0109.mid,35,49,3,40.666666666666664,14,166.72272727272727,5.122312183038035,499,1.3845411416036966,0.550439461600366,1.0,drums,0
/mntdatalora/src/Music-Intelligence/data/sine_wave_binary_classification/homework1/drums/0110.mid,0,67,13,41.38461538461539,67,164.80454545454546,5.110809657612166,2718,2.861758701062256,0.32215964726263524,1.0,drums,0
/mntdatalora/src/Music-Intelligence/data/sine_wave_binary_classification/homework1/drums/0112.mid,39,75,3,51.666666666666664,36,177.9090909090909,5.186877804813828,257,0.8938643282343914,0.2921351757100401,1.0,drums,0
/mntdatalora/src/Music-Intelligence/data/sine_wave_binary_classification/homework1/drums/0113.mid,31,57,11,42.45454545454545,26,500.1318181818182,6.216869176620811,1366,1.3167513209848267,0.7498760678341269,1.0,drums,0
/mntdatalora/src/Music-Intelligence/data/sine_wave_binary_classification/homework1/drums/0114.mid,36,81,4,54.0,45,48.836363636363636,3.9087449110703147,138,1.3417579811465914,0.8729316444140134,1.0,drums,0
/mntdatalora/src/Music-Intelligence/data/sine_wave_binary_classification/homework1/drums/0115.mid,36,49,4,41.25,13,287.44545454545454,5.664506002372651,1740,1.9534987638965937,0.7480314960629921,1.0,drums,0
/mntdatalora/src/Music-Intelligence/data/sine_wave_binary_classification/homework1/drums/0116.mid,35,59,14,46.92857142857143,24,104.03636363636363,4.654306610548795,544,1.829206323122989,0.3937007874015748,1.0,drums,0
/mntdatalora/src/Music-Intelligence/data/sine_wave_binary_classification/homework1/drums/0117.mid,36,51,8,43.0,15,259.90909090909093,5.564172035955297,674,1.2790471808939519,0.7057875183999626,1.0,drums,0
/mntdatalora/src/Music-Intelligence/data/sine_wave_binary_classification/homework1/drums/0118.mid,35,50,10,42.8,15,171.65454545454546,5.151292751057033,1178,2.0621199459305277,0.6114326965496036,1.0,drums,0
/mntdatalora/src/Music-Intelligence/data/sine_wave_binary_classification/homework1/drums/0119.mid,27,54,5,39.8,27,312.56363636363636,5.748002326279799,1050,1.4723151462256945,0.7820922384701912,1.0,drums,0
/mntdatalora/src/Music-Intelligence/data/sine_wave_binary_classification/homework1/drums/0120.mid,35,59,8,43.5,24,618.4045454545454,6.42875860599223,1518,1.2397367284935765,0.7478655089062484,1.0,drums,0
/mntdatalora/src/Music-Intelligence/data/sine_wave_binary_classification/homework1/drums/0121.mid,36,54,5,44.0,18,127.55454545454545,4.85635329251536,452,1.5137157027781583,0.7317782732910598,1.0,drums,0
